symbol,model,status,window_count,requested_window_count,compounded_return_pct,worst_window_drawdown_pct,average_window_sharpe,total_trades,win_rate_pct,commission_and_tax_paid,turnover_twd,exposure_pct,average_capital_utilization_pct,observation_days,excess_vs_buy_hold_pct,excess_vs_sma_pct,excess_vs_legacy_pct
0056.TW,tu_strategy,available,12,12,20.6603,3.1,0.6142,42,52.38,348817.35,180598909.87,39.87,8.54,2809,-291.3669,-153.1651,
0056.TW,adaptive_tu_strategy,available,12,12,28.0335,5.31,0.6383,42,52.38,535003.14,277094592.75,39.87,12.7,2809,-283.9937,-145.7919,7.3732
0056.TW,buy_and_hold,available,12,12,312.0272,25.8198,1.1307,12,75.0,503150.24,256858472.19,100.0,99.92,2809,,,
0056.TW,sma_8_21,available,12,12,173.8254,14.4986,0.9517,68,48.53,2733730.91,1416405506.91,64.15,64.08,2809,,,
006208.TW,tu_strategy,available,11,11,15.6015,5.16,0.2082,46,43.48,409042.64,211978334.05,37.67,8.04,2498,-520.7727,-242.4816,
006208.TW,adaptive_tu_strategy,available,11,11,25.779,5.42,0.2227,46,43.48,500683.4,259318162.12,37.67,10.22,2498,-510.5952,-232.3041,10.1775
006208.TW,buy_and_hold,available,11,11,536.3742,29.8402,1.0716,11,72.73,478469.7,242478206.69,100.0,99.72,2498,,,
006208.TW,sma_8_21,available,11,11,258.0831,16.2555,0.856,73,47.95,2938823.43,1521807376.42,62.05,61.85,2498,,,
2317.TW,tu_strategy,available,12,12,19.3156,15.19,0.0336,31,45.16,627266.86,213133933.29,24.25,7.04,2800,-242.4816,-137.4786,
2317.TW,adaptive_tu_strategy,available,12,12,17.8003,15.19,0.0427,31,48.39,729902.53,248231546.91,24.25,8.04,2800,-243.9969,-138.9939,-1.5153
2317.TW,buy_and_hold,available,12,12,261.7972,42.9908,0.5095,12,75.0,777403.24,256462309.3,100.0,99.52,2800,,,
2317.TW,sma_8_21,available,12,12,156.7942,29.6607,0.3138,75,40.0,4648083.39,1579936955.51,55.39,55.17,2800,,,
2454.TW,tu_strategy,available,12,12,50.1067,16.51,-0.0083,37,43.24,925430.07,313415575.79,30.67,11.83,2807,-913.6971,-448.0898,
2454.TW,adaptive_tu_strategy,available,12,12,53.3626,17.2,0.0133,37,43.24,1033136.19,349998562.24,30.67,13.19,2807,-910.4412,-444.8339,3.2559
2454.TW,buy_and_hold,available,12,12,963.8038,51.5813,0.8267,12,66.67,859141.93,272589090.72,100.0,97.04,2807,,,
2454.TW,sma_8_21,available,12,12,498.1965,39.5733,0.5832,72,44.44,4451583.44,1504559402.08,56.18,54.52,2807,,,
2308.TW,tu_strategy,available,12,12,146.414,15.02,0.5517,31,38.71,668911.97,222897533.09,26.1,9.23,2808,-724.479,-12.3363,
2308.TW,adaptive_tu_strategy,available,12,12,130.2732,15.02,0.5308,31,38.71,805149.26,269750473.05,26.1,10.34,2808,-740.6198,-28.4771,-16.1408
2308.TW,buy_and_hold,available,12,12,870.893,38.7576,0.7048,12,66.67,836952.41,269231736.5,100.0,99.07,2808,,,
2308.TW,sma_8_21,available,12,12,158.7503,31.0585,0.2776,79,29.11,4665743.42,1583839883.47,53.52,52.83,2808,,,
2881.TW,tu_strategy,available,12,12,-0.0826,5.25,-0.5283,49,28.57,692236.71,236255673.31,30.63,6.68,2808,-403.8157,-136.7812,
2881.TW,adaptive_tu_strategy,available,12,12,-3.9177,7.52,-0.5167,49,28.57,869490.84,296921964.15,30.63,8.17,2808,-407.6508,-140.6163,-3.8351
2881.TW,buy_and_hold,available,12,12,403.7331,34.0735,0.7738,12,75.0,794948.95,260668747.97,100.0,99.76,2808,,,
2881.TW,sma_8_21,available,12,12,136.6986,18.8953,0.344,81,45.68,4947879.27,1683457429.31,58.76,58.65,2808,,,
2882.TW,tu_strategy,available,12,12,9.0764,5.94,-0.03,42,38.1,595198.09,202704342.92,28.52,6.34,2808,-229.5498,-32.9629,
2882.TW,adaptive_tu_strategy,available,12,12,8.2697,8.32,-0.0125,42,38.1,765111.81,260731495.23,28.52,8.12,2808,-230.3565,-33.7696,-0.8067
2882.TW,buy_and_hold,available,12,12,238.6262,41.8908,0.5844,12,66.67,775227.1,256300349.06,100.0,99.86,2808,,,
2882.TW,sma_8_21,available,12,12,42.0393,25.0319,0.0362,89,39.33,5287976.36,1802222084.62,57.19,57.08,2808,,,
1301.TW,tu_strategy,available,12,12,-16.3733,17.49,-0.4373,38,26.32,610195.55,209163138.88,24.24,5.85,2809,-26.527,46.2398,
1301.TW,adaptive_tu_strategy,available,12,12,-20.9837,17.49,-0.4364,38,26.32,728957.79,249985712.64,24.24,6.84,2809,-31.1374,41.6294,-4.6104
1301.TW,buy_and_hold,available,12,12,10.1537,55.0533,0.1552,12,66.67,723453.8,244448177.35,100.0,99.65,2809,,,
1301.TW,sma_8_21,available,12,12,-62.6131,45.7934,-0.4523,85,29.41,4659904.48,1594588788.26,54.57,54.39,2809,,,
2002.TW,tu_strategy,available,12,12,-16.1794,24.83,-0.5042,31,22.58,422122.63,144951952.67,17.88,3.93,2808,-11.1787,36.3316,
2002.TW,adaptive_tu_strategy,available,12,12,-13.6879,23.55,-0.4842,31,25.81,461697.44,158326020.24,17.88,4.25,2808,-8.6872,38.8231,2.4915
2002.TW,buy_and_hold,available,12,12,-5.0007,34.4908,-0.0075,12,58.33,712250.2,242138485.35,100.0,99.92,2808,,,
2002.TW,sma_8_21,available,12,12,-52.511,37.2255,-0.5723,95,26.32,5420541.32,1853765726.97,49.22,49.17,2808,,,
1101.TW,tu_strategy,available,12,12,-8.0495,6.43,-0.4936,36,27.78,464973.62,159141248.53,24.31,5.35,2805,-24.1481,9.7612,
1101.TW,adaptive_tu_strategy,available,12,12,-8.151,6.43,-0.4918,36,27.78,572318.82,195783076.17,24.31,6.73,2805,-24.2496,9.6597,-0.1015
1101.TW,buy_and_hold,available,12,12,16.0986,39.7622,0.2626,12,66.67,723325.7,244596715.8,100.0,99.87,2805,,,
1101.TW,sma_8_21,available,12,12,-17.8107,23.2328,-0.0732,79,37.97,4688062.28,1600900752.38,53.73,53.66,2805,,,
2105.TW,tu_strategy,available,12,12,-12.7667,9.3,-0.6617,28,28.57,453761.17,155577625.66,19.05,4.15,2808,27.683,51.3883,
2105.TW,adaptive_tu_strategy,available,12,12,-12.892,9.3,-0.6283,28,28.57,487140.85,166972357.05,19.05,4.53,2808,27.5577,51.263,-0.1253
2105.TW,buy_and_hold,available,12,12,-40.4497,41.0668,-0.0524,12,50.0,691956.01,237472407.3,100.0,99.82,2808,,,
2105.TW,sma_8_21,available,12,12,-64.155,33.4954,-0.5548,81,19.75,4573576.97,1565896802.62,48.04,47.95,2808,,,
1216.TW,tu_strategy,available,12,12,-6.4685,3.83,-0.3742,40,27.5,492702.72,168524084.55,27.9,5.76,2807,-126.5799,49.572,
1216.TW,adaptive_tu_strategy,available,12,12,-7.8218,5.16,-0.3742,40,27.5,544038.21,186121403.28,27.9,6.39,2807,-127.9332,48.2187,-1.3533
1216.TW,buy_and_hold,available,12,12,120.1114,19.8626,0.484,12,75.0,740776.15,248450031.13,100.0,99.76,2807,,,
1216.TW,sma_8_21,available,12,12,-56.0405,24.4917,-0.4602,85,34.12,4764869.73,1630438329.84,55.93,55.77,2807,,,
2412.TW,tu_strategy,available,12,12,-2.0719,2.09,-0.2092,45,33.33,515150.92,175951963.11,37.93,7.5,2808,-121.3363,-8.773,
2412.TW,adaptive_tu_strategy,available,12,12,-2.9243,2.09,-0.2058,45,33.33,620954.27,212112134.19,37.93,8.72,2808,-122.1887,-9.6254,-0.8524
2412.TW,buy_and_hold,available,12,12,119.2644,16.285,0.7617,12,100.0,736486.89,247223984.46,100.0,99.49,2808,,,
2412.TW,sma_8_21,available,12,12,6.7011,12.2131,0.1146,80,33.75,4725000.76,1612555535.86,61.79,61.49,2808,,,
2912.TW,tu_strategy,available,12,12,-3.8337,2.86,-0.4717,30,36.67,382910.7,130906387.98,22.37,4.37,2807,-28.8808,58.5112,
2912.TW,adaptive_tu_strategy,available,12,12,-4.4455,5.24,-0.4717,30,36.67,445678.46,152363704.06,22.37,5.32,2807,-29.4926,57.8994,-0.6118
2912.TW,buy_and_hold,available,12,12,25.0471,20.0917,0.1932,12,75.0,711283.74,241233731.62,100.0,99.09,2807,,,
2912.TW,sma_8_21,available,12,12,-62.3449,19.7124,-0.6456,92,19.57,5139200.82,1759065860.82,48.91,48.41,2807,,,
