symbol,selection_applied_to_validation,average_return_range_pct_points,positive_candidate_fraction,candidate_id,strategy_params,status,training_window_count,average_return_pct,median_return_pct,positive_window_fraction,worst_drawdown_pct,total_trades
0056.TW,False,0.9772,1.0,default,"{'stage1_ratio': 0.2, 'pullback_min_pct': 0.07, 'pullback_max_pct': 0.11}",available,11,1.8982,1.74,0.8182,4.31,79
0056.TW,False,0.9772,1.0,entry_15pct,"{'stage1_ratio': 0.15, 'pullback_min_pct': 0.07, 'pullback_max_pct': 0.11}",available,11,1.4055,1.3,0.8182,3.25,79
0056.TW,False,0.9772,1.0,entry_25pct,"{'stage1_ratio': 0.25, 'pullback_min_pct': 0.07, 'pullback_max_pct': 0.11}",available,11,2.3827,2.17,0.8182,5.35,79
0056.TW,False,0.9772,1.0,pullback_5_9pct,"{'stage1_ratio': 0.2, 'pullback_min_pct': 0.05, 'pullback_max_pct': 0.09}",available,11,1.8982,1.74,0.8182,4.31,79
0056.TW,False,0.9772,1.0,pullback_9_13pct,"{'stage1_ratio': 0.2, 'pullback_min_pct': 0.09, 'pullback_max_pct': 0.13}",available,11,1.9182,1.74,0.8182,4.31,79
006208.TW,False,0.536,1.0,default,"{'stage1_ratio': 0.2, 'pullback_min_pct': 0.07, 'pullback_max_pct': 0.11}",available,10,0.842,-0.93,0.4,6.62,86
006208.TW,False,0.536,1.0,entry_15pct,"{'stage1_ratio': 0.15, 'pullback_min_pct': 0.07, 'pullback_max_pct': 0.11}",available,10,0.581,-0.695,0.4,5.34,86
006208.TW,False,0.536,1.0,entry_25pct,"{'stage1_ratio': 0.25, 'pullback_min_pct': 0.07, 'pullback_max_pct': 0.11}",available,10,1.117,-1.18,0.4,7.89,86
006208.TW,False,0.536,1.0,pullback_5_9pct,"{'stage1_ratio': 0.2, 'pullback_min_pct': 0.05, 'pullback_max_pct': 0.09}",available,10,0.626,-1.045,0.4,6.62,86
006208.TW,False,0.536,1.0,pullback_9_13pct,"{'stage1_ratio': 0.2, 'pullback_min_pct': 0.09, 'pullback_max_pct': 0.13}",available,10,0.872,-0.9,0.4,6.18,86
2317.TW,False,2.4382,1.0,default,"{'stage1_ratio': 0.2, 'pullback_min_pct': 0.07, 'pullback_max_pct': 0.11}",available,11,4.0009,2.96,0.6364,14.54,60
2317.TW,False,2.4382,1.0,entry_15pct,"{'stage1_ratio': 0.15, 'pullback_min_pct': 0.07, 'pullback_max_pct': 0.11}",available,11,3.5373,2.37,0.6364,14.63,60
2317.TW,False,2.4382,1.0,entry_25pct,"{'stage1_ratio': 0.25, 'pullback_min_pct': 0.07, 'pullback_max_pct': 0.11}",available,11,4.55,3.65,0.6364,14.66,60
2317.TW,False,2.4382,1.0,pullback_5_9pct,"{'stage1_ratio': 0.2, 'pullback_min_pct': 0.05, 'pullback_max_pct': 0.09}",available,11,3.4236,3.23,0.6364,14.63,60
2317.TW,False,2.4382,1.0,pullback_9_13pct,"{'stage1_ratio': 0.2, 'pullback_min_pct': 0.09, 'pullback_max_pct': 0.13}",available,11,2.1118,2.67,0.6364,6.04,60
2454.TW,False,6.9609,1.0,default,"{'stage1_ratio': 0.2, 'pullback_min_pct': 0.07, 'pullback_max_pct': 0.11}",available,11,8.0327,-0.44,0.4545,18.74,68
2454.TW,False,6.9609,1.0,entry_15pct,"{'stage1_ratio': 0.15, 'pullback_min_pct': 0.07, 'pullback_max_pct': 0.11}",available,11,7.9227,-0.07,0.4545,20.29,67
2454.TW,False,6.9609,1.0,entry_25pct,"{'stage1_ratio': 0.25, 'pullback_min_pct': 0.07, 'pullback_max_pct': 0.11}",available,11,8.2836,0.57,0.5455,18.69,68
2454.TW,False,6.9609,1.0,pullback_5_9pct,"{'stage1_ratio': 0.2, 'pullback_min_pct': 0.05, 'pullback_max_pct': 0.09}",available,11,6.8427,4.1,0.5455,26.49,68
2454.TW,False,6.9609,1.0,pullback_9_13pct,"{'stage1_ratio': 0.2, 'pullback_min_pct': 0.09, 'pullback_max_pct': 0.13}",available,11,1.3227,-1.18,0.3636,15.22,68
2308.TW,False,3.3991,1.0,default,"{'stage1_ratio': 0.2, 'pullback_min_pct': 0.07, 'pullback_max_pct': 0.11}",available,11,7.4473,1.88,0.5455,13.52,59
2308.TW,False,3.3991,1.0,entry_15pct,"{'stage1_ratio': 0.15, 'pullback_min_pct': 0.07, 'pullback_max_pct': 0.11}",available,11,6.7909,1.41,0.5455,13.71,59
2308.TW,False,3.3991,1.0,entry_25pct,"{'stage1_ratio': 0.25, 'pullback_min_pct': 0.07, 'pullback_max_pct': 0.11}",available,11,8.1945,2.28,0.5455,13.53,59
2308.TW,False,3.3991,1.0,pullback_5_9pct,"{'stage1_ratio': 0.2, 'pullback_min_pct': 0.05, 'pullback_max_pct': 0.09}",available,11,8.92,-0.2,0.4545,13.51,59
2308.TW,False,3.3991,1.0,pullback_9_13pct,"{'stage1_ratio': 0.2, 'pullback_min_pct': 0.09, 'pullback_max_pct': 0.13}",available,11,5.5209,0.71,0.5455,8.95,59
2881.TW,False,2.0073,0.2,default,"{'stage1_ratio': 0.2, 'pullback_min_pct': 0.07, 'pullback_max_pct': 0.11}",available,11,-0.8645,-1.06,0.4545,6.73,95
2881.TW,False,2.0073,0.2,entry_15pct,"{'stage1_ratio': 0.15, 'pullback_min_pct': 0.07, 'pullback_max_pct': 0.11}",available,11,-0.83,-0.9,0.3636,5.61,95
2881.TW,False,2.0073,0.2,entry_25pct,"{'stage1_ratio': 0.25, 'pullback_min_pct': 0.07, 'pullback_max_pct': 0.11}",available,11,-0.9082,-1.21,0.4545,8.1,95
2881.TW,False,2.0073,0.2,pullback_5_9pct,"{'stage1_ratio': 0.2, 'pullback_min_pct': 0.05, 'pullback_max_pct': 0.09}",available,11,1.0991,-3.32,0.2727,13.56,95
2881.TW,False,2.0073,0.2,pullback_9_13pct,"{'stage1_ratio': 0.2, 'pullback_min_pct': 0.09, 'pullback_max_pct': 0.13}",available,11,-0.4127,-0.78,0.4545,6.23,95
2882.TW,False,1.63,1.0,default,"{'stage1_ratio': 0.2, 'pullback_min_pct': 0.07, 'pullback_max_pct': 0.11}",available,11,1.2291,1.56,0.5455,4.14,77
2882.TW,False,1.63,1.0,entry_15pct,"{'stage1_ratio': 0.15, 'pullback_min_pct': 0.07, 'pullback_max_pct': 0.11}",available,11,1.1509,1.35,0.5455,3.42,77
2882.TW,False,1.63,1.0,entry_25pct,"{'stage1_ratio': 0.25, 'pullback_min_pct': 0.07, 'pullback_max_pct': 0.11}",available,11,1.3182,1.76,0.5455,5.11,77
2882.TW,False,1.63,1.0,pullback_5_9pct,"{'stage1_ratio': 0.2, 'pullback_min_pct': 0.05, 'pullback_max_pct': 0.09}",available,11,2.7809,2.31,0.5455,15.52,77
2882.TW,False,1.63,1.0,pullback_9_13pct,"{'stage1_ratio': 0.2, 'pullback_min_pct': 0.09, 'pullback_max_pct': 0.13}",available,11,1.1527,1.26,0.5455,4.95,77
1301.TW,False,2.6064,0.0,default,"{'stage1_ratio': 0.2, 'pullback_min_pct': 0.07, 'pullback_max_pct': 0.11}",available,11,-1.1327,-0.81,0.2727,5.87,66
1301.TW,False,2.6064,0.0,entry_15pct,"{'stage1_ratio': 0.15, 'pullback_min_pct': 0.07, 'pullback_max_pct': 0.11}",available,11,-0.9591,-0.74,0.1818,4.89,66
1301.TW,False,2.6064,0.0,entry_25pct,"{'stage1_ratio': 0.25, 'pullback_min_pct': 0.07, 'pullback_max_pct': 0.11}",available,11,-1.2773,-0.94,0.2727,7.12,66
1301.TW,False,2.6064,0.0,pullback_5_9pct,"{'stage1_ratio': 0.2, 'pullback_min_pct': 0.05, 'pullback_max_pct': 0.09}",available,11,-3.0791,-1.71,0.0909,14.42,66
1301.TW,False,2.6064,0.0,pullback_9_13pct,"{'stage1_ratio': 0.2, 'pullback_min_pct': 0.09, 'pullback_max_pct': 0.13}",available,11,-0.4727,-0.77,0.3636,4.96,66
2002.TW,False,1.0755,0.0,default,"{'stage1_ratio': 0.2, 'pullback_min_pct': 0.07, 'pullback_max_pct': 0.11}",available,11,-2.7491,-2.79,0.1818,24.78,61
2002.TW,False,1.0755,0.0,entry_15pct,"{'stage1_ratio': 0.15, 'pullback_min_pct': 0.07, 'pullback_max_pct': 0.11}",available,11,-2.7582,-2.1,0.1818,25.29,61
2002.TW,False,1.0755,0.0,entry_25pct,"{'stage1_ratio': 0.25, 'pullback_min_pct': 0.07, 'pullback_max_pct': 0.11}",available,11,-2.7755,-3.48,0.1818,24.41,61
2002.TW,False,1.0755,0.0,pullback_5_9pct,"{'stage1_ratio': 0.2, 'pullback_min_pct': 0.05, 'pullback_max_pct': 0.09}",available,11,-3.6464,-2.79,0.1818,24.79,61
2002.TW,False,1.0755,0.0,pullback_9_13pct,"{'stage1_ratio': 0.2, 'pullback_min_pct': 0.09, 'pullback_max_pct': 0.13}",available,11,-2.5709,-2.79,0.1818,24.65,61
1101.TW,False,1.7118,0.0,default,"{'stage1_ratio': 0.2, 'pullback_min_pct': 0.07, 'pullback_max_pct': 0.11}",available,11,-1.0182,-1.9,0.2727,7.43,67
1101.TW,False,1.7118,0.0,entry_15pct,"{'stage1_ratio': 0.15, 'pullback_min_pct': 0.07, 'pullback_max_pct': 0.11}",available,11,-1.1182,-1.44,0.1818,6.58,67
1101.TW,False,1.7118,0.0,entry_25pct,"{'stage1_ratio': 0.25, 'pullback_min_pct': 0.07, 'pullback_max_pct': 0.11}",available,11,-0.9145,-2.09,0.2727,8.27,67
1101.TW,False,1.7118,0.0,pullback_5_9pct,"{'stage1_ratio': 0.2, 'pullback_min_pct': 0.05, 'pullback_max_pct': 0.09}",available,11,-2.3509,-1.95,0.2727,13.98,67
1101.TW,False,1.7118,0.0,pullback_9_13pct,"{'stage1_ratio': 0.2, 'pullback_min_pct': 0.09, 'pullback_max_pct': 0.13}",available,11,-0.6391,-1.21,0.2727,6.88,67
2105.TW,False,2.2173,0.0,default,"{'stage1_ratio': 0.2, 'pullback_min_pct': 0.07, 'pullback_max_pct': 0.11}",available,11,-1.6027,-1.04,0.1818,11.95,50
2105.TW,False,2.2173,0.0,entry_15pct,"{'stage1_ratio': 0.15, 'pullback_min_pct': 0.07, 'pullback_max_pct': 0.11}",available,11,-1.75,-1.11,0.1818,10.26,50
2105.TW,False,2.2173,0.0,entry_25pct,"{'stage1_ratio': 0.25, 'pullback_min_pct': 0.07, 'pullback_max_pct': 0.11}",available,11,-1.4555,-1.3,0.1818,13.64,50
2105.TW,False,2.2173,0.0,pullback_5_9pct,"{'stage1_ratio': 0.2, 'pullback_min_pct': 0.05, 'pullback_max_pct': 0.09}",available,11,-3.2664,-1.57,0.1818,21.96,50
2105.TW,False,2.2173,0.0,pullback_9_13pct,"{'stage1_ratio': 0.2, 'pullback_min_pct': 0.09, 'pullback_max_pct': 0.13}",available,11,-1.0491,-0.29,0.2727,11.53,50
1216.TW,False,0.6128,0.0,default,"{'stage1_ratio': 0.2, 'pullback_min_pct': 0.07, 'pullback_max_pct': 0.11}",available,11,-1.1955,-1.15,0.0909,4.88,76
1216.TW,False,0.6128,0.0,entry_15pct,"{'stage1_ratio': 0.15, 'pullback_min_pct': 0.07, 'pullback_max_pct': 0.11}",available,11,-1.0582,-1.02,0.0909,4.4,76
1216.TW,False,0.6128,0.0,entry_25pct,"{'stage1_ratio': 0.25, 'pullback_min_pct': 0.07, 'pullback_max_pct': 0.11}",available,11,-1.3427,-1.38,0.0909,5.36,76
1216.TW,False,0.6128,0.0,pullback_5_9pct,"{'stage1_ratio': 0.2, 'pullback_min_pct': 0.05, 'pullback_max_pct': 0.09}",available,11,-1.5173,-1.3,0.2727,5.81,76
1216.TW,False,0.6128,0.0,pullback_9_13pct,"{'stage1_ratio': 0.2, 'pullback_min_pct': 0.09, 'pullback_max_pct': 0.13}",available,11,-0.9045,-0.9,0.1818,3.8,76
2412.TW,False,0.0654,0.8,default,"{'stage1_ratio': 0.2, 'pullback_min_pct': 0.07, 'pullback_max_pct': 0.11}",available,11,0.0073,-0.03,0.4545,2.54,78
2412.TW,False,0.0654,0.8,entry_15pct,"{'stage1_ratio': 0.15, 'pullback_min_pct': 0.07, 'pullback_max_pct': 0.11}",available,11,0.0136,-0.04,0.4545,1.85,78
2412.TW,False,0.0654,0.8,entry_25pct,"{'stage1_ratio': 0.25, 'pullback_min_pct': 0.07, 'pullback_max_pct': 0.11}",available,11,0.0027,-0.04,0.3636,3.19,78
2412.TW,False,0.0654,0.8,pullback_5_9pct,"{'stage1_ratio': 0.2, 'pullback_min_pct': 0.05, 'pullback_max_pct': 0.09}",available,11,-0.0518,-0.03,0.4545,2.54,78
2412.TW,False,0.0654,0.8,pullback_9_13pct,"{'stage1_ratio': 0.2, 'pullback_min_pct': 0.09, 'pullback_max_pct': 0.13}",available,11,0.0073,-0.03,0.4545,2.54,78
2912.TW,False,1.5764,0.0,default,"{'stage1_ratio': 0.2, 'pullback_min_pct': 0.07, 'pullback_max_pct': 0.11}",available,11,-0.9636,-1.23,0.3636,4.11,62
2912.TW,False,1.5764,0.0,entry_15pct,"{'stage1_ratio': 0.15, 'pullback_min_pct': 0.07, 'pullback_max_pct': 0.11}",available,11,-0.6718,-0.63,0.3636,3.33,62
2912.TW,False,1.5764,0.0,entry_25pct,"{'stage1_ratio': 0.25, 'pullback_min_pct': 0.07, 'pullback_max_pct': 0.11}",available,11,-1.2464,-1.86,0.3636,4.88,62
2912.TW,False,1.5764,0.0,pullback_5_9pct,"{'stage1_ratio': 0.2, 'pullback_min_pct': 0.05, 'pullback_max_pct': 0.09}",available,11,-2.2482,-1.71,0.1818,11.99,62
2912.TW,False,1.5764,0.0,pullback_9_13pct,"{'stage1_ratio': 0.2, 'pullback_min_pct': 0.09, 'pullback_max_pct': 0.13}",available,11,-1.1482,-1.06,0.2727,3.79,62
