symbol,window,validation_start,training_start,training_end,selection_status,selection_reason,selected_profile_id,candidate_profile_id,selected,strategy_params,eligible,total_return_pct,max_drawdown_pct,total_trades,average_capital_utilization_pct
^TWII,1,2015-01-05,,,fallback,insufficient_pre_validation_training_data,legacy,,True,,,,,,
^TWII,2,2016-01-05,2014-01-02,2016-01-04,fallback,no_profile_passed_training_risk_guardrails,legacy,legacy,True,"{'stage1_ratio': 0.2, 'stage2_ratio': 0.5, 'stage3_ratio': 1.0}",False,-0.57,1.04,4.0,4.24
^TWII,2,2016-01-05,2014-01-02,2016-01-04,fallback,no_profile_passed_training_risk_guardrails,legacy,balanced,False,"{'stage1_ratio': 0.35, 'stage2_ratio': 0.65, 'stage3_ratio': 1.0}",False,-1.01,1.81,4.0,7.41
^TWII,3,2017-01-05,2014-12-10,2017-01-04,fallback,no_profile_passed_training_risk_guardrails,legacy,legacy,True,"{'stage1_ratio': 0.2, 'stage2_ratio': 0.5, 'stage3_ratio': 1.0}",False,-1.55,2.55,9.0,5.82
^TWII,3,2017-01-05,2014-12-10,2017-01-04,fallback,no_profile_passed_training_risk_guardrails,legacy,balanced,False,"{'stage1_ratio': 0.35, 'stage2_ratio': 0.65, 'stage3_ratio': 1.0}",False,-2.71,4.43,9.0,10.19
^TWII,4,2018-01-05,2015-12-10,2018-01-04,fallback,no_profile_passed_training_risk_guardrails,legacy,legacy,True,"{'stage1_ratio': 0.2, 'stage2_ratio': 0.5, 'stage3_ratio': 1.0}",False,-1.62,2.18,11.0,9.07
^TWII,4,2018-01-05,2015-12-10,2018-01-04,fallback,no_profile_passed_training_risk_guardrails,legacy,balanced,False,"{'stage1_ratio': 0.35, 'stage2_ratio': 0.65, 'stage3_ratio': 1.0}",False,-2.83,3.8,11.0,15.85
^TWII,5,2019-01-07,2016-12-14,2019-01-04,fallback,no_profile_passed_training_risk_guardrails,legacy,legacy,True,"{'stage1_ratio': 0.2, 'stage2_ratio': 0.5, 'stage3_ratio': 1.0}",False,-2.54,3.42,9.0,7.37
^TWII,5,2019-01-07,2016-12-14,2019-01-04,fallback,no_profile_passed_training_risk_guardrails,legacy,balanced,False,"{'stage1_ratio': 0.35, 'stage2_ratio': 0.65, 'stage3_ratio': 1.0}",False,-4.42,5.92,9.0,12.9
^TWII,6,2020-01-06,2017-12-08,2020-01-03,fallback,no_profile_passed_training_risk_guardrails,legacy,legacy,True,"{'stage1_ratio': 0.2, 'stage2_ratio': 0.5, 'stage3_ratio': 1.0}",False,-2.13,4.19,7.0,4.9
^TWII,6,2020-01-06,2017-12-08,2020-01-03,fallback,no_profile_passed_training_risk_guardrails,legacy,balanced,False,"{'stage1_ratio': 0.35, 'stage2_ratio': 0.65, 'stage3_ratio': 1.0}",False,-3.73,7.24,7.0,8.56
^TWII,7,2021-01-05,2018-12-06,2021-01-04,selected,highest_positive_training_return_within_risk_guardrails,balanced,legacy,False,"{'stage1_ratio': 0.2, 'stage2_ratio': 0.5, 'stage3_ratio': 1.0}",True,2.38,1.92,8.0,7.98
^TWII,7,2021-01-05,2018-12-06,2021-01-04,selected,highest_positive_training_return_within_risk_guardrails,balanced,balanced,True,"{'stage1_ratio': 0.35, 'stage2_ratio': 0.65, 'stage3_ratio': 1.0}",True,4.14,3.35,8.0,13.92
^TWII,8,2022-01-05,2019-12-12,2022-01-04,selected,highest_positive_training_return_within_risk_guardrails,balanced,legacy,False,"{'stage1_ratio': 0.2, 'stage2_ratio': 0.5, 'stage3_ratio': 1.0}",True,3.92,1.74,10.0,9.35
^TWII,8,2022-01-05,2019-12-12,2022-01-04,selected,highest_positive_training_return_within_risk_guardrails,balanced,balanced,True,"{'stage1_ratio': 0.35, 'stage2_ratio': 0.65, 'stage3_ratio': 1.0}",True,6.82,3.0,10.0,16.27
^TWII,9,2023-01-05,2020-12-15,2023-01-04,selected,highest_positive_training_return_within_risk_guardrails,balanced,legacy,False,"{'stage1_ratio': 0.2, 'stage2_ratio': 0.5, 'stage3_ratio': 1.0}",True,1.11,1.7,6.0,5.37
^TWII,9,2023-01-05,2020-12-15,2023-01-04,selected,highest_positive_training_return_within_risk_guardrails,balanced,balanced,True,"{'stage1_ratio': 0.35, 'stage2_ratio': 0.65, 'stage3_ratio': 1.0}",True,1.93,2.94,6.0,9.39
^TWII,10,2024-01-05,2021-12-09,2024-01-04,fallback,no_profile_passed_training_risk_guardrails,legacy,legacy,True,"{'stage1_ratio': 0.2, 'stage2_ratio': 0.5, 'stage3_ratio': 1.0}",False,-0.26,1.49,6.0,5.01
^TWII,10,2024-01-05,2021-12-09,2024-01-04,fallback,no_profile_passed_training_risk_guardrails,legacy,balanced,False,"{'stage1_ratio': 0.35, 'stage2_ratio': 0.65, 'stage3_ratio': 1.0}",False,-0.46,2.6,6.0,8.77
^TWII,11,2025-01-06,2022-12-02,2025-01-03,selected,highest_positive_training_return_within_risk_guardrails,balanced,legacy,False,"{'stage1_ratio': 0.2, 'stage2_ratio': 0.5, 'stage3_ratio': 1.0}",True,2.73,1.98,9.0,9.25
^TWII,11,2025-01-06,2022-12-02,2025-01-03,selected,highest_positive_training_return_within_risk_guardrails,balanced,balanced,True,"{'stage1_ratio': 0.35, 'stage2_ratio': 0.65, 'stage3_ratio': 1.0}",True,4.77,3.37,9.0,16.08
^TWII,12,2026-01-05,2023-12-06,2026-01-02,selected,highest_positive_training_return_within_risk_guardrails,balanced,legacy,False,"{'stage1_ratio': 0.2, 'stage2_ratio': 0.5, 'stage3_ratio': 1.0}",True,5.97,3.38,9.0,10.57
^TWII,12,2026-01-05,2023-12-06,2026-01-02,selected,highest_positive_training_return_within_risk_guardrails,balanced,balanced,True,"{'stage1_ratio': 0.35, 'stage2_ratio': 0.65, 'stage3_ratio': 1.0}",True,10.49,5.8,9.0,18.28
0050.TW,1,2015-01-05,,,fallback,insufficient_pre_validation_training_data,legacy,,True,,,,,,
0050.TW,2,2016-01-05,2014-01-02,2016-01-04,fallback,no_profile_passed_training_risk_guardrails,legacy,legacy,True,"{'stage1_ratio': 0.2, 'stage2_ratio': 0.5, 'stage3_ratio': 1.0}",False,-1.59,1.88,5.0,4.84
0050.TW,2,2016-01-05,2014-01-02,2016-01-04,fallback,no_profile_passed_training_risk_guardrails,legacy,balanced,False,"{'stage1_ratio': 0.35, 'stage2_ratio': 0.65, 'stage3_ratio': 1.0}",False,-2.78,3.28,5.0,8.49
0050.TW,3,2017-01-05,2014-12-16,2017-01-04,fallback,no_profile_passed_training_risk_guardrails,legacy,legacy,True,"{'stage1_ratio': 0.2, 'stage2_ratio': 0.5, 'stage3_ratio': 1.0}",False,-0.75,1.73,8.0,5.85
0050.TW,3,2017-01-05,2014-12-16,2017-01-04,fallback,no_profile_passed_training_risk_guardrails,legacy,balanced,False,"{'stage1_ratio': 0.35, 'stage2_ratio': 0.65, 'stage3_ratio': 1.0}",False,-1.34,3.03,8.0,10.22
0050.TW,4,2018-01-05,2015-12-14,2018-01-04,selected,highest_positive_training_return_within_risk_guardrails,balanced,legacy,False,"{'stage1_ratio': 0.2, 'stage2_ratio': 0.5, 'stage3_ratio': 1.0}",True,1.19,1.3,10.0,10.24
0050.TW,4,2018-01-05,2015-12-14,2018-01-04,selected,highest_positive_training_return_within_risk_guardrails,balanced,balanced,True,"{'stage1_ratio': 0.35, 'stage2_ratio': 0.65, 'stage3_ratio': 1.0}",True,2.06,2.26,10.0,17.87
0050.TW,5,2019-01-07,2016-12-14,2019-01-04,fallback,no_profile_passed_training_risk_guardrails,legacy,legacy,True,"{'stage1_ratio': 0.2, 'stage2_ratio': 0.5, 'stage3_ratio': 1.0}",False,-1.22,3.05,10.0,8.28
0050.TW,5,2019-01-07,2016-12-14,2019-01-04,fallback,no_profile_passed_training_risk_guardrails,legacy,balanced,False,"{'stage1_ratio': 0.35, 'stage2_ratio': 0.65, 'stage3_ratio': 1.0}",False,-2.17,5.28,10.0,14.48
0050.TW,6,2020-01-06,2017-12-08,2020-01-03,fallback,no_profile_passed_training_risk_guardrails,legacy,legacy,True,"{'stage1_ratio': 0.2, 'stage2_ratio': 0.5, 'stage3_ratio': 1.0}",False,-1.15,3.64,8.0,5.95
0050.TW,6,2020-01-06,2017-12-08,2020-01-03,fallback,no_profile_passed_training_risk_guardrails,legacy,balanced,False,"{'stage1_ratio': 0.35, 'stage2_ratio': 0.65, 'stage3_ratio': 1.0}",False,-2.07,6.31,8.0,10.37
0050.TW,7,2021-01-05,2018-12-06,2021-01-04,selected,highest_positive_training_return_within_risk_guardrails,balanced,legacy,False,"{'stage1_ratio': 0.2, 'stage2_ratio': 0.5, 'stage3_ratio': 1.0}",True,5.07,1.97,8.0,8.62
0050.TW,7,2021-01-05,2018-12-06,2021-01-04,selected,highest_positive_training_return_within_risk_guardrails,balanced,balanced,True,"{'stage1_ratio': 0.35, 'stage2_ratio': 0.65, 'stage3_ratio': 1.0}",True,8.75,3.57,8.0,14.93
0050.TW,8,2022-01-05,2019-12-12,2022-01-04,selected,highest_positive_training_return_within_risk_guardrails,balanced,legacy,False,"{'stage1_ratio': 0.2, 'stage2_ratio': 0.5, 'stage3_ratio': 1.0}",True,5.26,3.65,11.0,9.11
0050.TW,8,2022-01-05,2019-12-12,2022-01-04,selected,highest_positive_training_return_within_risk_guardrails,balanced,balanced,True,"{'stage1_ratio': 0.35, 'stage2_ratio': 0.65, 'stage3_ratio': 1.0}",True,8.58,6.66,11.0,15.54
0050.TW,9,2023-01-05,2020-12-15,2023-01-04,selected,highest_positive_training_return_within_risk_guardrails,balanced,legacy,False,"{'stage1_ratio': 0.2, 'stage2_ratio': 0.5, 'stage3_ratio': 1.0}",True,0.73,3.54,7.0,4.9
0050.TW,9,2023-01-05,2020-12-15,2023-01-04,selected,highest_positive_training_return_within_risk_guardrails,balanced,balanced,True,"{'stage1_ratio': 0.35, 'stage2_ratio': 0.65, 'stage3_ratio': 1.0}",True,0.81,6.5,7.0,8.37
0050.TW,10,2024-01-05,2021-12-09,2024-01-04,selected,highest_positive_training_return_within_risk_guardrails,balanced,legacy,False,"{'stage1_ratio': 0.2, 'stage2_ratio': 0.5, 'stage3_ratio': 1.0}",True,0.14,1.16,7.0,5.03
0050.TW,10,2024-01-05,2021-12-09,2024-01-04,selected,highest_positive_training_return_within_risk_guardrails,balanced,balanced,True,"{'stage1_ratio': 0.35, 'stage2_ratio': 0.65, 'stage3_ratio': 1.0}",True,0.24,2.01,7.0,8.82
0050.TW,11,2025-01-06,2022-12-02,2025-01-03,selected,highest_positive_training_return_within_risk_guardrails,balanced,legacy,False,"{'stage1_ratio': 0.2, 'stage2_ratio': 0.5, 'stage3_ratio': 1.0}",True,3.82,3.57,11.0,10.17
0050.TW,11,2025-01-06,2022-12-02,2025-01-03,selected,highest_positive_training_return_within_risk_guardrails,balanced,balanced,True,"{'stage1_ratio': 0.35, 'stage2_ratio': 0.65, 'stage3_ratio': 1.0}",True,7.2,5.32,11.0,17.55
0050.TW,12,2026-01-05,2023-12-06,2026-01-02,selected,highest_positive_training_return_within_risk_guardrails,balanced,legacy,False,"{'stage1_ratio': 0.2, 'stage2_ratio': 0.5, 'stage3_ratio': 1.0}",True,5.68,4.59,12.0,10.96
0050.TW,12,2026-01-05,2023-12-06,2026-01-02,selected,highest_positive_training_return_within_risk_guardrails,balanced,balanced,True,"{'stage1_ratio': 0.35, 'stage2_ratio': 0.65, 'stage3_ratio': 1.0}",True,10.44,7.38,12.0,18.88
2330.TW,1,2015-01-05,,,fallback,insufficient_pre_validation_training_data,legacy,,True,,,,,,
2330.TW,2,2016-01-05,2014-01-02,2016-01-04,fallback,no_profile_passed_training_risk_guardrails,legacy,legacy,True,"{'stage1_ratio': 0.2, 'stage2_ratio': 0.5, 'stage3_ratio': 1.0}",False,-1.02,2.91,6.0,4.7
2330.TW,2,2016-01-05,2014-01-02,2016-01-04,fallback,no_profile_passed_training_risk_guardrails,legacy,balanced,False,"{'stage1_ratio': 0.35, 'stage2_ratio': 0.65, 'stage3_ratio': 1.0}",False,-1.85,5.11,6.0,8.36
2330.TW,3,2017-01-05,2014-12-16,2017-01-04,selected,highest_positive_training_return_within_risk_guardrails,balanced,legacy,False,"{'stage1_ratio': 0.2, 'stage2_ratio': 0.5, 'stage3_ratio': 1.0}",True,2.33,2.36,8.0,6.93
2330.TW,3,2017-01-05,2014-12-16,2017-01-04,selected,highest_positive_training_return_within_risk_guardrails,balanced,balanced,True,"{'stage1_ratio': 0.35, 'stage2_ratio': 0.65, 'stage3_ratio': 1.0}",True,4.08,4.11,8.0,12.13
2330.TW,4,2018-01-05,2015-12-14,2018-01-04,selected,highest_positive_training_return_within_risk_guardrails,balanced,legacy,False,"{'stage1_ratio': 0.2, 'stage2_ratio': 0.5, 'stage3_ratio': 1.0}",True,4.88,1.98,9.0,10.63
2330.TW,4,2018-01-05,2015-12-14,2018-01-04,selected,highest_positive_training_return_within_risk_guardrails,balanced,balanced,True,"{'stage1_ratio': 0.35, 'stage2_ratio': 0.65, 'stage3_ratio': 1.0}",True,8.57,3.45,9.0,18.55
2330.TW,5,2019-01-07,2016-12-14,2019-01-04,fallback,no_profile_passed_training_risk_guardrails,legacy,legacy,True,"{'stage1_ratio': 0.2, 'stage2_ratio': 0.5, 'stage3_ratio': 1.0}",False,-5.71,7.33,9.0,8.08
2330.TW,5,2019-01-07,2016-12-14,2019-01-04,fallback,no_profile_passed_training_risk_guardrails,legacy,balanced,False,"{'stage1_ratio': 0.35, 'stage2_ratio': 0.65, 'stage3_ratio': 1.0}",False,-8.41,11.36,9.0,14.46
2330.TW,6,2020-01-06,2017-12-08,2020-01-03,selected,highest_positive_training_return_within_risk_guardrails,balanced,legacy,False,"{'stage1_ratio': 0.2, 'stage2_ratio': 0.5, 'stage3_ratio': 1.0}",True,0.48,7.4,8.0,8.57
2330.TW,6,2020-01-06,2017-12-08,2020-01-03,selected,highest_positive_training_return_within_risk_guardrails,balanced,balanced,True,"{'stage1_ratio': 0.35, 'stage2_ratio': 0.65, 'stage3_ratio': 1.0}",True,1.67,11.36,8.0,15.05
2330.TW,7,2021-01-05,2018-12-06,2021-01-04,selected,highest_positive_training_return_within_risk_guardrails,balanced,legacy,False,"{'stage1_ratio': 0.2, 'stage2_ratio': 0.5, 'stage3_ratio': 1.0}",True,13.21,2.9,9.0,12.38
2330.TW,7,2021-01-05,2018-12-06,2021-01-04,selected,highest_positive_training_return_within_risk_guardrails,balanced,balanced,True,"{'stage1_ratio': 0.35, 'stage2_ratio': 0.65, 'stage3_ratio': 1.0}",True,24.61,4.92,9.0,21.01
2330.TW,8,2022-01-05,2019-12-12,2022-01-04,selected,highest_positive_training_return_within_risk_guardrails,balanced,legacy,False,"{'stage1_ratio': 0.2, 'stage2_ratio': 0.5, 'stage3_ratio': 1.0}",True,4.31,8.03,10.0,10.09
2330.TW,8,2022-01-05,2019-12-12,2022-01-04,selected,highest_positive_training_return_within_risk_guardrails,balanced,balanced,True,"{'stage1_ratio': 0.35, 'stage2_ratio': 0.65, 'stage3_ratio': 1.0}",True,9.03,11.69,10.0,16.31
2330.TW,9,2023-01-05,2020-12-15,2023-01-04,selected,highest_positive_training_return_within_risk_guardrails,balanced,legacy,False,"{'stage1_ratio': 0.2, 'stage2_ratio': 0.5, 'stage3_ratio': 1.0}",False,-0.24,7.73,5.0,4.49
2330.TW,9,2023-01-05,2020-12-15,2023-01-04,selected,highest_positive_training_return_within_risk_guardrails,balanced,balanced,True,"{'stage1_ratio': 0.35, 'stage2_ratio': 0.65, 'stage3_ratio': 1.0}",True,0.26,11.69,5.0,7.48
2330.TW,10,2024-01-05,2021-12-09,2024-01-04,fallback,no_profile_passed_training_risk_guardrails,legacy,legacy,True,"{'stage1_ratio': 0.2, 'stage2_ratio': 0.5, 'stage3_ratio': 1.0}",False,-0.4,2.6,6.0,3.76
2330.TW,10,2024-01-05,2021-12-09,2024-01-04,fallback,no_profile_passed_training_risk_guardrails,legacy,balanced,False,"{'stage1_ratio': 0.35, 'stage2_ratio': 0.65, 'stage3_ratio': 1.0}",False,-0.88,4.99,6.0,7.33
2330.TW,11,2025-01-06,2022-12-02,2025-01-03,selected,highest_positive_training_return_within_risk_guardrails,balanced,legacy,False,"{'stage1_ratio': 0.2, 'stage2_ratio': 0.5, 'stage3_ratio': 1.0}",True,5.16,3.92,10.0,8.69
2330.TW,11,2025-01-06,2022-12-02,2025-01-03,selected,highest_positive_training_return_within_risk_guardrails,balanced,balanced,True,"{'stage1_ratio': 0.35, 'stage2_ratio': 0.65, 'stage3_ratio': 1.0}",True,9.07,6.32,10.0,15.3
2330.TW,12,2026-01-05,2023-12-05,2026-01-02,selected,highest_positive_training_return_within_risk_guardrails,balanced,legacy,False,"{'stage1_ratio': 0.2, 'stage2_ratio': 0.5, 'stage3_ratio': 1.0}",True,9.89,3.89,10.0,11.35
2330.TW,12,2026-01-05,2023-12-05,2026-01-02,selected,highest_positive_training_return_within_risk_guardrails,balanced,balanced,True,"{'stage1_ratio': 0.35, 'stage2_ratio': 0.65, 'stage3_ratio': 1.0}",True,18.99,6.22,10.0,18.81
